{
  "accuracy": 0.9466666666666667,
  "precision_weighted": 0.9514705882352941,
  "recall_weighted": 0.9466666666666667,
  "f1_weighted": 0.9459229390681003,
  "n_test_samples": 75
}