{
  "loss": [
    1.3047360181808472,
    0.6329196691513062,
    0.47636479139328003,
    0.3798641860485077,
    0.35601088404655457,
    0.2717316150665283,
    0.33343714475631714,
    0.2830437421798706
  ],
  "accuracy": [
    0.488571435213089,
    0.7599999904632568,
    0.8371428847312927,
    0.8628571629524231,
    0.8771428465843201,
    0.9085714221000671,
    0.8799999952316284,
    0.8914285898208618
  ],
  "val_loss": [
    1.1498602628707886,
    0.9092922210693359,
    0.7540947198867798,
    0.5783585906028748,
    0.4755510091781616,
    0.361233115196228,
    0.28600990772247314,
    0.24763432145118713
  ],
  "val_accuracy": [
    0.746666669845581,
    0.8799999952316284,
    0.8133333325386047,
    0.9200000166893005,
    0.8666666746139526,
    0.9066666960716248,
    0.9066666960716248,
    0.9200000166893005
  ],
  "lr": [
    9.999999747378752e-05,
    9.999999747378752e-05,
    9.999999747378752e-05,
    9.999999747378752e-05,
    9.999999747378752e-05,
    9.999999747378752e-05,
    9.999999747378752e-05,
    9.999999747378752e-05
  ]
}